{"Argentina": [0.8664107918739319, 0.3732399344444275, 0.2862792909145355, 0.21617433428764343], "France": [0.5109731554985046, 0.27057182788848877, 0.7429503798484802, 0.25039005279541016], "Brazil": [0.8445283770561218, 0.5785977244377136, 0.6874603629112244, 0.2916419804096222], "England": [0.26265373826026917, 0.44757863879203796, 0.5643041729927063, 0.602851390838623], "Spain": [0.43085190653800964, 0.3908635973930359, 0.8869873881340027, 0.3908633291721344], "Germany": [0.29654744267463684, 0.45162177085876465, 0.41270992159843445, 0.49521464109420776], "Portugal": [0.636599600315094, 0.622203528881073, 0.6888028979301453, 0.3096795380115509], "Netherlands": [0.23216105997562408, 0.7535668611526489, 0.35200685262680054, 0.4209654927253723], "Italy": [0.5189757943153381, 0.7014144659042358, 0.3145090937614441, 0.8316816091537476], "Belgium": [0.425069123506546, 0.8878638744354248, 0.3997887969017029, 0.7079570889472961], "USA": [0.4636683762073517, 0.7856113910675049, 0.5236846208572388, 0.8093723058700562], "Mexico": [0.7277570366859436, 0.6102200150489807, 0.3749929368495941, 0.3819074034690857], "Morocco": [0.893995463848114, 0.8477715849876404, 0.2968928813934326, 0.3428451716899872], "Japan": [0.2747700810432434, 0.34093645215034485, 0.4031662940979004, 0.7863388657569885], "South Korea": [0.26662757992744446, 0.8174843788146973, 0.8803510665893555, 0.3972180485725403], "Senegal": [0.5193637013435364, 0.5705298781394958, 0.3439825475215912, 0.7121034860610962], "Australia": [0.6059991717338562, 0.27852416038513184, 0.8271875977516174, 0.4115348756313324], "Croatia": [0.3093731105327606, 0.8872981071472168, 0.27203628420829773, 0.24178767204284668], "Uruguay": [0.36628711223602295, 0.4234854280948639, 0.5036618709564209, 0.6796191334724426], "Colombia": [0.45599937438964844, 0.5915335416793823, 0.20406800508499146, 0.46942979097366333], "Switzerland": [0.8614780902862549, 0.7423927187919617, 0.7185603976249695, 0.41316118836402893], "Denmark": [0.5417233109474182, 0.7911664247512817, 0.8161089420318604, 0.6973801255226135], "Poland": [0.5195789933204651, 0.25121551752090454, 0.2835473120212555, 0.20020504295825958], "Austria": [0.45143982768058777, 0.21636877954006195, 0.5045152306556702, 0.6182791590690613], "Wales": [0.6171160936355591, 0.5887082815170288, 0.35831961035728455, 0.5634322166442871], "Serbia": [0.8858851790428162, 0.5112324357032776, 0.8121441602706909, 0.4669837951660156], "Sweden": [0.6361311078071594, 0.5372872352600098, 0.6820357441902161, 0.8281644582748413], "Ukraine": [0.5086305141448975, 0.7301796078681946, 0.8177777528762817, 0.7526811957359314], "Chile": [0.21718919277191162, 0.20013275742530823, 0.8180717825889587, 0.7105193734169006], "Peru": [0.8706924319267273, 0.4047376811504364, 0.7515777945518494, 0.7610654830932617], "Ecuador": [0.8001285195350647, 0.6844195127487183, 0.2968156039714813, 0.6766599416732788], "Canada": [0.6231386065483093, 0.4335704743862152, 0.3460294306278229, 0.8195699453353882]}