{
  "fold1": {
    "loss": 1.102810025215149,
    "accuracy": 0.3333333333333333,
    "brier_score": 0.6706719501023971
  },
  "fold2": {
    "loss": 1.0766061544418335,
    "accuracy": 0.5789473684210527,
    "brier_score": 0.6358861452583406
  }
}